id,sourceName,locality,economicUnits,permanentEstablishments,temporaryEstablishments,economicHouseholds,personsEngaged,permanentPersonsEngaged,temporaryPersonsEngaged,economicHouseholdPersonsEngaged,xlsxRow,pdfPage,printedPage
country-bangladesh,National,Total,11702792,6269457,573969,4859366,30632661,23748083,778984,6105594,5,143,119
country-bangladesh,National,Rural,7385828,3465220,234549,3686059,15535510,10618831,301723,4614956,6,143,119
country-bangladesh,National,Urban,4316964,2804237,339420,1173307,15097151,13129252,477261,1490638,7,143,119
division-barishal,Barishal Division,Total,656944,366938,19946,270060,1279120,897468,25319,356333,8,143,119
division-barishal,Barishal Division,Rural,450693,232023,8442,210228,779549,488306,10609,280634,9,143,119
division-barishal,Barishal Division,Urban,206251,134915,11504,59832,499571,409162,14710,75699,10,143,119
district-barguna,Barguna,Total,74670,39240,1643,33787,140360,91670,2141,46549,11,143,119
district-barguna,Barguna,Rural,52933,24730,563,27640,92171,52694,683,38794,12,143,119
district-barguna,Barguna,Urban,21737,14510,1080,6147,48189,38976,1458,7755,13,143,119
district-barishal,Barishal,Total,172676,105611,6997,60068,371592,288740,8618,74234,14,143,119
district-barishal,Barishal,Rural,105532,60291,2461,42780,185895,129528,2943,53424,15,143,119
district-barishal,Barishal,Urban,67144,45320,4536,17288,185697,159212,5675,20810,16,143,119
district-bhola,Bhola,Total,118889,69050,4149,45690,221694,159910,5304,56480,17,143,119
district-bhola,Bhola,Rural,79594,43778,1861,33955,135343,90852,2431,42060,18,143,119
district-bhola,Bhola,Urban,39295,25272,2288,11735,86351,69058,2873,14420,19,143,119
district-jhalokati,Jhalokati,Total,62945,29245,1107,32593,115746,67556,1317,46873,20,143,119
district-jhalokati,Jhalokati,Rural,42304,17280,476,24548,73974,37352,569,36053,21,143,119
district-jhalokati,Jhalokati,Urban,20641,11965,631,8045,41772,30204,748,10820,22,143,119
district-patuakhali,Patuakhali,Total,132164,70736,3399,58029,245096,164484,4446,76166,23,143,119
district-patuakhali,Patuakhali,Rural,100883,50568,1688,48627,168394,102331,2148,63915,24,143,119
district-patuakhali,Patuakhali,Urban,31281,20168,1711,9402,76702,62153,2298,12251,25,143,119
district-pirojpur,Pirojpur,Total,95600,53056,2651,39893,184632,125108,3493,56031,26,143,119
district-pirojpur,Pirojpur,Rural,69447,35376,1393,32678,123772,75549,1835,46388,27,143,119
district-pirojpur,Pirojpur,Urban,26153,17680,1258,7215,60860,49559,1658,9643,28,143,119
division-chattogram,Chattogram Division,Total,2048840,1184332,96462,768046,5409333,4250453,135199,1023681,29,143,119
division-chattogram,Chattogram Division,Rural,1226309,644750,34991,546568,2537976,1761871,48068,728037,30,143,119
division-chattogram,Chattogram Division,Urban,822531,539582,61471,221478,2871357,2488582,87131,295644,31,143,119
district-bandarban,Bandarban,Total,32101,17216,1181,13704,81644,59726,1636,20282,32,143,119
district-bandarban,Bandarban,Rural,17347,7520,288,9539,38912,24097,387,14428,33,143,119
district-bandarban,Bandarban,Urban,14754,9696,893,4165,42732,35629,1249,5854,34,143,119
district-brahmanbaria,Brahmanbaria,Total,209023,103368,11719,93936,428846,292181,15802,120863,35,143,119
district-brahmanbaria,Brahmanbaria,Rural,156422,72133,7711,76578,294493,186935,10214,97344,36,143,119
district-brahmanbaria,Brahmanbaria,Urban,52601,31235,4008,17358,134353,105246,5588,23519,37,143,119
district-chandpur,Chandpur,Total,180039,101130,5797,73112,341993,243021,7472,91500,38,143,119
district-chandpur,Chandpur,Rural,121622,63225,2622,55775,204783,131826,3346,69611,39,143,119
district-chandpur,Chandpur,Urban,58417,37905,3175,17337,137210,111195,4126,21889,40,143,119
district-chattogram,Chattogram,Total,532238,348043,36404,147791,2059351,1815621,50746,192984,41,143,119
district-chattogram,Chattogram,Rural,210481,123874,6030,80577,575227,459751,8710,106766,42,143,119
district-chattogram,Chattogram,Urban,321757,224169,30374,67214,1484124,1355870,42036,86218,43,143,119
district-coxs-bazar,Cox's Bazar,Total,184213,90674,7392,86147,438525,298423,11491,128611,44,143,119
district-coxs-bazar,Cox's Bazar,Rural,93278,41109,2509,49660,193215,115817,3629,73769,45,143,119
district-coxs-bazar,Cox's Bazar,Urban,90935,49565,4883,36487,245310,182606,7862,54842,46,143,119
district-cumilla,Cumilla,Total,342867,202291,11389,129187,807903,634011,17133,156759,47,143,119
district-cumilla,Cumilla,Rural,249082,138966,6115,104001,493987,358838,9092,126057,48,143,119
district-cumilla,Cumilla,Urban,93785,63325,5274,25186,313916,275173,8041,30702,49,144,120
district-feni,Feni,Total,100896,65742,4707,30447,239623,194858,6348,38417,50,144,120
district-feni,Feni,Rural,57256,33528,1370,22358,118061,87933,1674,28454,51,144,120
district-feni,Feni,Urban,43640,32214,3337,8089,121562,106925,4674,9963,52,144,120
district-khagrachhari,Khagrachhari,Total,53445,26664,1235,25546,125953,88474,1857,35622,53,144,120
district-khagrachhari,Khagrachhari,Rural,28252,12118,407,15727,59322,36567,622,22133,54,144,120
district-khagrachhari,Khagrachhari,Urban,25193,14546,828,9819,66631,51907,1235,13489,55,144,120
district-lakshmipur,Lakshmipur,Total,138895,75555,4761,58579,283740,195586,6365,81789,56,144,120
district-lakshmipur,Lakshmipur,Rural,97474,49670,2587,45217,182130,115168,3344,63618,57,144,120
district-lakshmipur,Lakshmipur,Urban,41421,25885,2174,13362,101610,80418,3021,18171,58,144,120
district-noakhali,Noakhali,Total,225186,128359,8834,87993,475340,336854,12436,126050,59,144,120
district-noakhali,Noakhali,Rural,170753,91760,4113,74880,322314,209034,5430,107850,60,144,120
district-noakhali,Noakhali,Urban,54433,36599,4721,13113,153026,127820,7006,18200,61,144,120
district-rangamati,Rangamati,Total,49937,25290,3043,21604,126415,91698,3913,30804,62,144,120
district-rangamati,Rangamati,Rural,24342,10847,1239,12256,55532,35905,1620,18007,63,144,120
district-rangamati,Rangamati,Urban,25595,14443,1804,9348,70883,55793,2293,12797,64,144,120
division-dhaka,Dhaka Division,Total,3169284,1865248,200145,1103891,11827458,10175945,281554,1369959,65,144,120
division-dhaka,Dhaka Division,Rural,1593378,798141,63928,731309,4589276,3607707,82280,899289,66,144,120
division-dhaka,Dhaka Division,Urban,1575906,1067107,136217,372582,7238182,6568238,199274,470670,67,144,120
district-dhaka,Dhaka,Total,1039078,713515,93665,231898,4821802,4379065,143839,298898,68,144,120
district-dhaka,Dhaka,Rural,271223,166163,16760,88300,1123349,989716,22670,110963,69,144,120
district-dhaka,Dhaka,Urban,767855,547352,76905,143598,3698453,3389349,121169,187935,70,144,120
district-faridpur,Faridpur,Total,182676,85271,8276,89129,357850,242264,9806,105780,71,144,120
district-faridpur,Faridpur,Rural,126831,51082,3533,72216,216543,127453,4119,84971,72,144,120
district-faridpur,Faridpur,Urban,55845,34189,4743,16913,141307,114811,5687,20809,73,144,120
district-gazipur,Gazipur,Total,394241,244267,25133,124841,2530106,2352959,33330,143817,74,144,120
district-gazipur,Gazipur,Rural,130954,70484,6531,53939,668892,598063,8034,62795,75,144,120
district-gazipur,Gazipur,Urban,263287,173783,18602,70902,1861214,1754896,25296,81022,76,144,120
district-gopalganj,Gopalganj,Total,109094,48758,3638,56698,198650,125595,4428,68627,77,144,120
district-gopalganj,Gopalganj,Rural,81876,31973,1969,47934,130603,71050,2334,57219,78,144,120
district-gopalganj,Gopalganj,Urban,27218,16785,1669,8764,68047,54545,2094,11408,79,144,120
district-kishoreganj,Kishoreganj,Total,205837,105186,8490,92161,423680,293000,10556,120124,80,144,120
district-kishoreganj,Kishoreganj,Rural,134118,60512,3972,69634,240604,145094,4830,90680,81,144,120
district-kishoreganj,Kishoreganj,Urban,71719,44674,4518,22527,183076,147906,5726,29444,82,144,120
district-madaripur,Madaripur,Total,97924,48622,3176,46126,186500,124080,4110,58310,83,144,120
district-madaripur,Madaripur,Rural,67323,30102,1639,35582,116747,69644,1968,45135,84,144,120
district-madaripur,Madaripur,Urban,30601,18520,1537,10544,69753,54436,2142,13175,85,144,120
district-manikganj,Manikganj,Total,118343,58564,6043,53736,272166,195232,7492,69442,86,144,120
district-manikganj,Manikganj,Rural,91220,40745,3664,46811,201950,137272,4524,60154,87,144,120
district-manikganj,Manikganj,Urban,27123,17819,2379,6925,70216,57960,2968,9288,88,144,120
district-munshiganj,Munshiganj,Total,101944,57077,4806,40061,245727,189760,6181,49786,89,144,120
district-munshiganj,Munshiganj,Rural,78927,42721,3211,32995,184002,138747,4229,41026,90,144,120
district-munshiganj,Munshiganj,Urban,23017,14356,1595,7066,61725,51013,1952,8760,91,144,120
district-narayanganj,Narayanganj,Total,276476,172624,20190,83662,1282230,1148578,28203,105449,92,144,120
district-narayanganj,Narayanganj,Rural,154663,92391,8804,53468,717747,638566,12195,66986,93,144,120
district-narayanganj,Narayanganj,Urban,121813,80233,11386,30194,564483,510012,16008,38463,94,144,120
district-narsingdi,Narsingdi,Total,180328,99534,9935,70859,529871,428895,12598,88378,95,145,121
district-narsingdi,Narsingdi,Rural,125389,62940,5704,56745,343691,266240,7350,70101,96,145,121
district-narsingdi,Narsingdi,Urban,54939,36594,4231,14114,186180,162655,5248,18277,97,145,121
district-rajbari,Rajbari,Total,96715,46497,3208,47010,179569,120435,3964,55170,98,145,121
district-rajbari,Rajbari,Rural,74668,31945,1756,40967,125714,75933,2062,47719,99,145,121
district-rajbari,Rajbari,Urban,22047,14552,1452,6043,53855,44502,1902,7451,100,145,121
district-shariatpur,Shariatpur,Total,86298,45891,3278,37129,156387,108149,3962,44276,101,145,121
district-shariatpur,Shariatpur,Rural,55468,25784,1329,28355,88466,53556,1615,33295,102,145,121
district-shariatpur,Shariatpur,Urban,30830,20107,1949,8774,67921,54593,2347,10981,103,145,121
district-tangail,Tangail,Total,280330,139442,10307,130581,642920,467933,13085,161902,104,145,121
district-tangail,Tangail,Rural,200718,91299,5056,104363,430968,296373,6350,128245,105,145,121
district-tangail,Tangail,Urban,79612,48143,5251,26218,211952,171560,6735,33657,106,145,121
division-khulna,Khulna Division,Total,1489445,707676,61868,719901,2912614,1968621,79143,864850,107,145,121
division-khulna,Khulna Division,Rural,1042134,439081,30357,572696,1767375,1044950,38065,684360,108,145,121
division-khulna,Khulna Division,Urban,447311,268595,31511,147205,1145239,923671,41078,180490,109,145,121
district-bagerhat,Bagerhat,Total,131436,64785,4067,62584,256216,177074,5190,73952,110,145,121
district-bagerhat,Bagerhat,Rural,93172,42493,2177,48502,156755,96865,2826,57064,111,145,121
district-bagerhat,Bagerhat,Urban,38264,22292,1890,14082,99461,80209,2364,16888,112,145,121
district-chuadanga,Chuadanga,Total,107241,47865,3831,55545,188443,118732,5038,64673,113,145,121
district-chuadanga,Chuadanga,Rural,75278,29514,1978,43786,116768,63375,2616,50777,114,145,121
district-chuadanga,Chuadanga,Urban,31963,18351,1853,11759,71675,55357,2422,13896,115,145,121
district-jashore,Jashore,Total,257332,139649,10078,107605,542472,403185,13125,126162,116,145,121
district-jashore,Jashore,Rural,181993,89534,4925,87534,317622,209101,6345,102176,117,145,121
district-jashore,Jashore,Urban,75339,50115,5153,20071,224850,194084,6780,23986,118,145,121
district-jhenaidah,Jhenaidah,Total,167487,74150,8805,84532,302437,185785,11402,105250,119,145,121
district-jhenaidah,Jhenaidah,Rural,121861,46736,6108,69017,196628,103774,7653,85201,120,145,121
district-jhenaidah,Jhenaidah,Urban,45626,27414,2697,15515,105809,82011,3749,20049,121,145,121
district-khulna,Khulna,Total,237302,117096,14723,105483,531795,388106,18392,125297,122,145,121
district-khulna,Khulna,Rural,136644,57452,4886,74306,257555,164322,5806,87427,123,145,121
district-khulna,Khulna,Urban,100658,59644,9837,31177,274240,223784,12586,37870,124,145,121
district-kushtia,Kushtia,Total,192029,84358,5884,101787,379905,248235,7877,123793,125,145,121
district-kushtia,Kushtia,Rural,141252,54180,2721,84351,243622,138421,3721,101480,126,145,121
district-kushtia,Kushtia,Urban,50777,30178,3163,17436,136283,109814,4156,22313,127,145,121
district-magura,Magura,Total,93724,42744,3642,47338,162163,100998,4399,56766,128,145,121
district-magura,Magura,Rural,68151,26748,1652,39751,109007,59708,1989,47310,129,145,121
district-magura,Magura,Urban,25573,15996,1990,7587,53156,41290,2410,9456,130,145,121
district-meherpur,Meherpur,Total,63787,27248,1037,35502,110990,66033,1371,43586,131,145,121
district-meherpur,Meherpur,Rural,46109,17550,420,28139,71492,36980,522,33990,132,145,121
district-meherpur,Meherpur,Urban,17678,9698,617,7363,39498,29053,849,9596,133,145,121
district-narail,Narail,Total,57425,27280,1795,28350,98563,62046,2205,34312,134,145,121
district-narail,Narail,Rural,41997,18647,894,22456,67310,38987,1071,27252,135,145,121
district-narail,Narail,Urban,15428,8633,901,5894,31253,23059,1134,7060,136,145,121
district-satkhira,Satkhira,Total,181682,82501,8006,91175,339630,218427,10144,111059,137,145,121
district-satkhira,Satkhira,Rural,135677,56227,4596,74854,230616,133417,5516,91683,138,145,121
district-satkhira,Satkhira,Urban,46005,26274,3410,16321,109014,85010,4628,19376,139,145,121
division-mymensingh,Mymensingh Division,Total,775946,406335,35133,334478,1670093,1226090,43676,400327,140,145,121
division-mymensingh,Mymensingh Division,Rural,550419,264459,18198,267762,1079912,739679,21738,318495,141,146,122
division-mymensingh,Mymensingh Division,Urban,225527,141876,16935,66716,590181,486411,21938,81832,142,146,122
district-jamalpur,Jamalpur,Total,196224,85605,7723,102896,347171,213643,9345,124183,143,146,122
district-jamalpur,Jamalpur,Rural,134575,52906,3477,78192,213905,116306,4107,93492,144,146,122
district-jamalpur,Jamalpur,Urban,61649,32699,4246,24704,133266,97337,5238,30691,145,146,122
district-mymensingh,Mymensingh,Total,346455,198101,19109,129245,888712,710321,24286,154105,146,146,122
district-mymensingh,Mymensingh,Rural,245564,130820,10062,104682,585953,449562,12168,124223,147,146,122
district-mymensingh,Mymensingh,Urban,100891,67281,9047,24563,302759,260759,12118,29882,148,146,122
district-netrakona,Netrakona,Total,125393,73719,5378,46296,229787,165336,6363,58088,149,146,122
district-netrakona,Netrakona,Rural,95772,51710,3124,40938,158502,103818,3649,51035,150,146,122
district-netrakona,Netrakona,Urban,29621,22009,2254,5358,71285,61518,2714,7053,151,146,122
district-sherpur,Sherpur,Total,107874,48910,2923,56041,204423,136790,3682,63951,152,146,122
district-sherpur,Sherpur,Rural,74508,29023,1535,43950,121552,69993,1814,49745,153,146,122
district-sherpur,Sherpur,Urban,33366,19887,1388,12091,82871,66797,1868,14206,154,146,122
division-rajshahi,Rajshahi Division,Total,1680717,746918,69442,864357,3409316,2231470,94000,1083846,155,146,122
division-rajshahi,Rajshahi Division,Rural,1197004,461031,30997,704976,2176193,1251848,41451,882894,156,146,122
division-rajshahi,Rajshahi Division,Urban,483713,285887,38445,159381,1233123,979622,52549,200952,157,146,122
district-bogura,Bogura,Total,337253,137446,15197,184610,698575,444935,19623,234017,158,146,122
district-bogura,Bogura,Rural,238300,80484,7491,150325,439124,238340,9368,191416,159,146,122
district-bogura,Bogura,Urban,98953,56962,7706,34285,259451,206595,10255,42601,160,146,122
district-chapainawabganj,Chapainawabganj,Total,145503,65372,4729,75402,265334,167134,6357,91843,161,146,122
district-chapainawabganj,Chapainawabganj,Rural,102663,40650,2379,59634,167681,92476,3260,71945,162,146,122
district-chapainawabganj,Chapainawabganj,Urban,42840,24722,2350,15768,97653,74658,3097,19898,163,146,122
district-joypurhat,Joypurhat,Total,87832,39654,3082,45096,171704,112234,4408,55062,164,146,122
district-joypurhat,Joypurhat,Rural,61239,23238,823,37178,102824,55829,1103,45892,165,146,122
district-joypurhat,Joypurhat,Urban,26593,16416,2259,7918,68880,56405,3305,9170,166,146,122
district-naogaon,Naogaon,Total,261640,108024,14375,139241,483011,291435,18181,173395,167,146,122
district-naogaon,Naogaon,Rural,204770,73808,6348,124614,343968,180776,8019,155173,168,146,122
district-naogaon,Naogaon,Urban,56870,34216,8027,14627,139043,110659,10162,18222,169,146,122
district-natore,Natore,Total,155969,68289,5399,82281,295911,187592,7526,100793,170,146,122
district-natore,Natore,Rural,116180,45532,2738,67910,200162,112903,3856,83403,171,146,122
district-natore,Natore,Urban,39789,22757,2661,14371,95749,74689,3670,17390,172,146,122
district-pabna,Pabna,Total,210027,100676,7013,102338,462171,329642,9152,123377,173,146,122
district-pabna,Pabna,Rural,150633,64488,3445,82700,317696,214416,4314,98966,174,146,122
district-pabna,Pabna,Urban,59394,36188,3568,19638,144475,115226,4838,24411,175,146,122
district-rajshahi,Rajshahi,Total,233275,116223,10504,106548,501787,353525,15857,132405,176,146,122
district-rajshahi,Rajshahi,Rural,138086,57531,2695,77860,240174,139646,4127,96401,177,146,122
district-rajshahi,Rajshahi,Urban,95189,58692,7809,28688,261613,213879,11730,36004,178,146,122
district-sirajganj,Sirajganj,Total,249218,111234,9143,128841,530823,344973,12896,172954,179,146,122
district-sirajganj,Sirajganj,Rural,185133,75300,5078,104755,364564,217462,7404,139698,180,146,122
district-sirajganj,Sirajganj,Urban,64085,35934,4065,24086,166259,127511,5492,33256,181,146,122
division-rangpur,Rangpur Division,Total,1334966,669477,61323,604166,2739710,1908675,80951,750084,182,146,122
division-rangpur,Rangpur Division,Rural,953901,426517,31405,495979,1751343,1098046,38740,614557,183,146,122
division-rangpur,Rangpur Division,Urban,381065,242960,29918,108187,988367,810629,42211,135527,184,146,122
district-dinajpur,Dinajpur,Total,269163,134949,10041,124173,581606,410846,13852,156908,185,146,122
district-dinajpur,Dinajpur,Rural,197849,88639,4409,104801,386923,249537,5635,131751,186,147,123
district-dinajpur,Dinajpur,Urban,71314,46310,5632,19372,194683,161309,8217,25157,187,147,123
district-gaibandha,Gaibandha,Total,204934,88129,10343,106462,366771,229948,12916,123907,188,147,123
district-gaibandha,Gaibandha,Rural,158856,60114,6037,92705,263398,148506,7177,107715,189,147,123
district-gaibandha,Gaibandha,Urban,46078,28015,4306,13757,103373,81442,5739,16192,190,147,123
district-kurigram,Kurigram,Total,170446,76080,6776,87590,310913,189966,8567,112380,191,147,123
district-kurigram,Kurigram,Rural,123140,49312,3965,69863,206644,111707,4897,90040,192,147,123
district-kurigram,Kurigram,Urban,47306,26768,2811,17727,104269,78259,3670,22340,193,147,123
district-lalmonirhat,Lalmonirhat,Total,99676,53811,4452,41413,188459,131666,6486,50307,194,147,123
district-lalmonirhat,Lalmonirhat,Rural,69790,34055,2032,33703,119044,75314,2528,41202,195,147,123
district-lalmonirhat,Lalmonirhat,Urban,29886,19756,2420,7710,69415,56352,3958,9105,196,147,123
district-nilphamari,Nilphamari,Total,157943,80902,7549,69492,347180,249784,10402,86994,197,147,123
district-nilphamari,Nilphamari,Rural,106976,49128,3247,54601,214206,141701,4069,68436,198,147,123
district-nilphamari,Nilphamari,Urban,50967,31774,4302,14891,132974,108083,6333,18558,199,147,123
district-panchagarh,Panchagarh,Total,88247,43721,4187,40339,172356,118134,5478,48744,200,147,123
district-panchagarh,Panchagarh,Rural,69068,31346,2537,35185,122696,77175,3170,42351,201,147,123
district-panchagarh,Panchagarh,Urban,19179,12375,1650,5154,49660,40959,2308,6393,202,147,123
district-rangpur,Rangpur,Total,234114,127425,13552,93137,534344,403264,17514,113566,203,147,123
district-rangpur,Rangpur,Rural,147064,70902,6670,69492,284006,191822,8211,83973,204,147,123
district-rangpur,Rangpur,Urban,87050,56523,6882,23645,250338,211442,9303,29593,205,147,123
district-thakurgaon,Thakurgaon,Total,110443,64460,4423,41560,238081,175067,5736,57278,206,147,123
district-thakurgaon,Thakurgaon,Rural,81158,43021,2508,35629,154426,102284,3053,49089,207,147,123
district-thakurgaon,Thakurgaon,Urban,29285,21439,1915,5931,83655,72783,2683,8189,208,147,123
division-sylhet,Sylhet Division,Total,546650,322533,29650,194467,1385017,1089361,39142,256514,209,147,123
division-sylhet,Sylhet Division,Rural,371990,199218,16231,156541,853886,626424,20772,206690,210,147,123
division-sylhet,Sylhet Division,Urban,174660,123315,13419,37926,531131,462937,18370,49824,211,147,123
district-habiganj,Habiganj,Total,126310,68296,7008,51006,331143,257411,9108,64624,212,147,123
district-habiganj,Habiganj,Rural,93895,46622,4032,43241,246203,186593,5109,54501,213,147,123
district-habiganj,Habiganj,Urban,32415,21674,2976,7765,84940,70818,3999,10123,214,147,123
district-moulvibazar,Moulvibazar,Total,117684,69212,7040,41432,316607,251310,9351,55946,215,147,123
district-moulvibazar,Moulvibazar,Rural,87699,48037,4100,35562,231929,178840,5304,47785,216,147,123
district-moulvibazar,Moulvibazar,Urban,29985,21175,2940,5870,84678,72470,4047,8161,217,147,123
district-sunamganj,Sunamganj,Total,116631,64953,6125,45553,227660,160538,7582,59540,218,147,123
district-sunamganj,Sunamganj,Rural,86593,44484,3605,38504,149876,94756,4310,50810,219,147,123
district-sunamganj,Sunamganj,Urban,30038,20469,2520,7049,77784,65782,3272,8730,220,147,123
district-sylhet,Sylhet,Total,186025,120072,9477,56476,509607,420102,13101,76404,221,147,123
district-sylhet,Sylhet,Rural,103803,60075,4494,39234,225878,166235,6049,53594,222,147,123
district-sylhet,Sylhet,Urban,82222,59997,4983,17242,283729,253867,7052,22810,223,147,123
